"How did you hear about us?","Submission ID","Submission Create Date","Submission Status","Source URL","Submitter Browser","Submission Admin View URL","Submission Serial Number","User Id","Submitter Device","Submitter IP"
LinkedIn,63,"2025-07-20 22:17:41",unread,https://cadware.house/careers/,Chrome,https://cadware.house/wp-admin/admin.php?page=fluent_forms&route=entries&form_id=3#/entries/63,34,0,Android,5.151.100.116
Online,62,"2025-07-20 06:18:36",unread,https://cadware.house/careers/,iPhone,https://cadware.house/wp-admin/admin.php?page=fluent_forms&route=entries&form_id=3#/entries/62,33,0,iPhone,175.157.30.242
LinkedIn,60,"2025-07-19 12:55:39",unread,https://cadware.house/careers/,Chrome,https://cadware.house/wp-admin/admin.php?page=fluent_forms&route=entries&form_id=3#/entries/60,32,0,Windows,139.59.119.8
Online,57,"2025-07-17 22:32:54",unread,https://cadware.house/careers/,iPhone,https://cadware.house/wp-admin/admin.php?page=fluent_forms&route=entries&form_id=3#/entries/57,31,0,iPhone,109.156.100.85
LinkedIn,56,"2025-07-17 17:28:03",unread,https://cadware.house/careers/,iPhone,https://cadware.house/wp-admin/admin.php?page=fluent_forms&route=entries&form_id=3#/entries/56,30,0,iPhone,148.252.144.219
Referral,53,"2025-07-16 20:25:24",unread,https://cadware.house/careers/,Chrome,https://cadware.house/wp-admin/admin.php?page=fluent_forms&route=entries&form_id=3#/entries/53,29,0,Android,92.41.24.26
LinkedIn,52,"2025-07-16 16:02:45",unread,https://cadware.house/careers/,Chrome,https://cadware.house/wp-admin/admin.php?page=fluent_forms&route=entries&form_id=3#/entries/52,28,0,Windows,5.133.46.62
Handshake,51,"2025-07-16 15:58:15",unread,https://cadware.house/careers/,iPhone,https://cadware.house/wp-admin/admin.php?page=fluent_forms&route=entries&form_id=3#/entries/51,27,0,iPhone,5.133.46.62
LinkedIn,50,"2025-07-15 03:58:00",unread,https://cadware.house/careers/,Chrome,https://cadware.house/wp-admin/admin.php?page=fluent_forms&route=entries&form_id=3#/entries/50,26,0,Windows,99.235.40.145
LinkedIn,49,"2025-07-14 20:43:29",unread,https://cadware.house/careers/,Chrome,https://cadware.house/wp-admin/admin.php?page=fluent_forms&route=entries&form_id=3#/entries/49,25,0,Windows,108.39.192.152
LinkedIn,48,"2025-07-14 20:42:31",unread,https://cadware.house/careers/,Chrome,https://cadware.house/wp-admin/admin.php?page=fluent_forms&route=entries&form_id=3#/entries/48,24,0,Windows,108.39.192.152
Instagram,47,"2025-07-14 19:47:03",unread,https://cadware.house/careers/,Chrome,https://cadware.house/wp-admin/admin.php?page=fluent_forms&route=entries&form_id=3#/entries/47,23,0,iPhone,82.20.100.55
Online,46,"2025-07-14 19:27:28",unread,https://cadware.house/careers/,Chrome,https://cadware.house/wp-admin/admin.php?page=fluent_forms&route=entries&form_id=3#/entries/46,22,0,Windows,81.132.129.243
LinkedIn,45,"2025-07-14 07:14:21",unread,https://cadware.house/careers/,Chrome,https://cadware.house/wp-admin/admin.php?page=fluent_forms&route=entries&form_id=3#/entries/45,21,0,Windows,103.145.154.250
LinkedIn,43,"2025-07-10 15:38:39",unread,https://cadware.house/careers/,Chrome,https://cadware.house/wp-admin/admin.php?page=fluent_forms&route=entries&form_id=3#/entries/43,20,0,Windows,108.250.165.53
Referral,37,"2025-07-03 16:15:52",unread,https://cadware.house/careers/,Chrome,https://cadware.house/wp-admin/admin.php?page=fluent_forms&route=entries&form_id=3#/entries/37,19,0,Android,188.30.140.128
Referral,36,"2025-07-02 09:34:20",unread,https://cadware.house/careers/,iPhone,https://cadware.house/wp-admin/admin.php?page=fluent_forms&route=entries&form_id=3#/entries/36,18,0,iPhone,85.255.233.181
Referral,33,"2025-06-29 17:49:19",unread,https://cadware.house/careers/,Chrome,https://cadware.house/wp-admin/admin.php?page=fluent_forms&route=entries&form_id=3#/entries/33,17,0,Android,86.17.202.241
LinkedIn,29,"2025-06-26 18:32:21",unread,https://cadware.house/careers/,Chrome,https://cadware.house/wp-admin/admin.php?page=fluent_forms&route=entries&form_id=3#/entries/29,16,0,Android,31.113.246.40
LinkedIn,26,"2025-06-24 22:52:58",unread,https://cadware.house/careers/,Chrome,https://cadware.house/wp-admin/admin.php?page=fluent_forms&route=entries&form_id=3#/entries/26,15,0,Apple,209.232.168.112
Referral,23,"2025-06-16 12:34:38",unread,https://cadware.house/contact/,Chrome,https://cadware.house/wp-admin/admin.php?page=fluent_forms&route=entries&form_id=3#/entries/23,14,0,iPhone,185.65.167.128
LinkedIn,22,"2025-06-15 19:22:11",unread,https://cadware.house/careers/,Chrome,https://cadware.house/wp-admin/admin.php?page=fluent_forms&route=entries&form_id=3#/entries/22,13,0,Windows,92.40.63.115
Referral,20,"2025-06-02 19:00:28",unread,https://cadware.house/careers/,Chrome,https://cadware.house/wp-admin/admin.php?page=fluent_forms&route=entries&form_id=3#/entries/20,12,0,iPhone,212.50.170.101
Medium,19,"2025-05-29 08:32:19",unread,https://cadware.house/careers/,Chrome,https://cadware.house/wp-admin/admin.php?page=fluent_forms&route=entries&form_id=3#/entries/19,11,0,Windows,82.44.99.228
Online,17,"2025-05-26 19:42:14",unread,https://cadware.house/careers/,iPhone,https://cadware.house/wp-admin/admin.php?page=fluent_forms&route=entries&form_id=3#/entries/17,10,0,iPhone,148.252.144.17
Referral,16,"2025-05-21 09:41:34",unread,https://cadware.house/careers/,Chrome,https://cadware.house/wp-admin/admin.php?page=fluent_forms&route=entries&form_id=3#/entries/16,9,0,iPhone,185.65.166.162
Referral,15,"2025-05-21 08:44:49",unread,https://cadware.house/careers/,iPhone,https://cadware.house/wp-admin/admin.php?page=fluent_forms&route=entries&form_id=3#/entries/15,8,0,iPhone,85.255.234.76
"University Job Fair",13,"2025-04-22 22:42:10",read,https://cadware.house/careers/,Chrome,https://cadware.house/wp-admin/admin.php?page=fluent_forms&route=entries&form_id=3#/entries/13,7,0,Android,82.32.66.63
LinkedIn,12,"2025-04-11 16:44:48",unread,https://cadware.house/careers/,iPhone,https://cadware.house/wp-admin/admin.php?page=fluent_forms&route=entries&form_id=3#/entries/12,6,0,iPhone,90.196.36.108
LinkedIn,11,"2025-04-11 13:07:15",unread,https://cadware.house/careers/,Chrome,https://cadware.house/wp-admin/admin.php?page=fluent_forms&route=entries&form_id=3#/entries/11,5,0,Windows,82.15.175.58
X,10,"2025-04-11 12:51:21",unread,https://cadware.house/careers/,Chrome,https://cadware.house/wp-admin/admin.php?page=fluent_forms&route=entries&form_id=3#/entries/10,4,0,Android,92.233.93.210
Referral,9,"2025-04-07 16:51:00",unread,https://cadware.house/careers/,Chrome,https://cadware.house/wp-admin/admin.php?page=fluent_forms&route=entries&form_id=3#/entries/9,3,0,Windows,82.31.180.234
"University Job Fair",6,"2025-03-24 21:47:00",unread,https://cadware.house/careers/,Safari,https://cadware.house/wp-admin/admin.php?page=fluent_forms&route=entries&form_id=3#/entries/6,2,0,Apple,86.157.218.56
,1,"2025-03-15 19:18:19",unread,https://cadware.house/?page_id=1357,Chrome,https://cadware.house/wp-admin/admin.php?page=fluent_forms&route=entries&form_id=3#/entries/1,1,1,Windows,85.255.237.40
